site,ref_aa,alt_aa,count
85,P,S,1283
261,K,E,99
202,E,K,77
229,L,P,70
228,Y,D,60
207,K,E,58
134,D,Y,56
130,R,W,48
173,R,E,46
225,G,V,44
112,D,N,43
261,K,R,43
124,N,D,40
135,H,R,40
269,L,S,40
135,H,D,38
204,D,N,38
271,G,E,38
173,R,K,36
151,K,E,35
111,I,M,34
170,M,I,34
149,F,L,30
92,A,V,29
87,F,S,28
87,F,L,28
95,R,H,28
222,A,V,28
95,R,G,27
145,M,T,27
194,P,H,27
196,Y,D,27
150,R,Q,26
105,F,L,25
141,K,E,25
160,E,K,25
8,A,T,24
25,V,A,23
110,W,S,23
135,H,Y,23
177,T,A,23
228,Y,H,23
269,L,F,23
13,L,I,21
22,E,K,21
24,K,S,21
26,F,S,21
118,R,E,21
132,L,P,21
133,R,C,21
175,D,N,21
198,L,F,21
268,Y,S,21
21,Y,D,20
23,Q,R,20
89,S,L,20
99,T,A,20
114,K,E,20
224,V,A,20
7,D,S,19
10,I,T,19
27,E,G,19
28,D,N,19
35,A,G,19
143,F,L,19
144,E,K,19
192,G,Q,19
205,V,A,19
245,G,R,19
264,A,V,19
268,Y,D,19
273,K,R,19
275,N,S,19
4,K,N,18
6,T,K,18
12,R,Y,18
20,T,P,18
117,L,M,18
14,R,A,17
19,G,R,17
31,S,F,17
32,R,E,17
33,D,T,17
58,P,L,17
96,M,I,17
109,F,L,17
112,D,H,17
119,P,T,17
136,T,A,17
183,Y,D,17
278,*,S,17
16,Y,I,16
18,N,C,16
92,A,T,16
117,L,S,16
152,E,K,16
260,K,R,16
56,A,G,15
57,N,S,15
73,A,V,15
76,A,S,15
78,G,R,15
116,A,V,15
116,A,G,15
117,L,P,15
143,F,S,15
263,G,V,15
266,I,T,15
70,I,L,14
71,A,G,14
82,V,G,14
86,I,S,14
90,K,R,14
106,K,E,14
115,R,E,14
119,P,A,14
145,M,I,14
150,R,K,14
171,G,E,14
173,R,G,14
174,G,R,14
215,N,D,14
221,S,L,14
264,A,S,14
275,N,D,14
2,T,A,13
44,S,P,13
69,D,V,13
86,I,F,13
86,I,H,13
90,K,E,13
116,A,L,13
117,L,R,13
122,A,G,13
130,R,Q,13
147,S,L,13
150,R,G,13
163,T,A,13
169,D,N,13
172,P,Q,13
172,P,A,13
174,G,E,13
192,G,R,13
225,G,D,13
228,Y,T,13
230,D,H,13
265,S,P,13
268,Y,F,13
277,G,S,13
36,F,S,12
42,V,L,12
45,T,F,12
47,N,T,12
70,I,A,12
71,A,Y,12
79,F,A,12
80,I,L,12
113,E,K,12
118,R,G,12
127,S,L,12
131,D,N,12
140,V,A,12
176,A,V,12
194,P,A,12
203,S,G,12
217,Q,R,12
218,E,G,12
220,C,R,12
253,R,K,12
254,E,K,12
263,G,S,12
270,N,D,12
271,G,R,12
276,S,G,12
29,L,F,11
37,S,F,11
40,M,L,11
50,K,E,11
51,I,F,11
51,I,A,11
55,I,S,11
68,N,R,11
77,E,L,11
83,R,S,11
89,S,F,11
95,R,L,11
102,K,E,11
109,F,S,11
113,E,G,11
114,K,R,11
120,M,T,11
120,M,I,11
128,V,A,11
137,D,H,11
142,I,V,11
153,S,D,11
158,H,R,11
162,F,L,11
171,G,R,11
172,P,R,11
194,P,S,11
197,D,H,11
200,Q,P,11
201,E,K,11
207,K,G,11
209,T,V,11
225,G,A,11
233,H,D,11
242,A,V,11
255,K,R,11
256,Y,H,11
3,V,A,10
5,Y,C,10
9,Q,H,10
38,K,V,10
39,E,G,10
40,M,P,10
42,V,A,10
59,S,Q,10
62,G,T,10
64,T,A,10
64,T,N,10
65,Q,C,10
78,G,A,10
79,F,V,10
94,A,V,10
96,M,V,10
98,I,V,10
106,K,S,10
115,R,G,10
124,N,T,10
134,D,N,10
134,D,H,10
137,D,G,10
142,I,L,10
148,C,R,10
149,F,S,10
167,L,P,10
178,E,G,10
181,K,E,10
192,G,E,10
208,E,R,10
208,E,G,10
211,D,H,10
213,E,G,10
214,I,M,10
226,P,T,10
226,P,S,10
227,H,R,10
227,H,P,10
232,A,T,10
251,T,A,10
254,E,R,10
259,V,A,10
260,K,E,10
263,G,D,10
264,A,T,10
271,G,*,10
273,K,N,10
278,*,W,10
1,M,T,9
4,K,R,9
5,Y,H,9
7,D,A,9
12,R,H,9
20,T,L,9
31,S,P,9
32,R,K,9
39,E,L,9
41,S,I,9
42,V,G,9
45,T,A,9
46,D,S,9
49,K,M,9
50,K,G,9
60,R,L,9
61,H,Q,9
63,L,Q,9
67,M,I,9
69,D,Y,9
72,D,G,9
79,F,S,9
91,D,Y,9
96,M,T,9
100,E,R,9
105,F,S,9
110,W,R,9
118,R,K,9
122,A,T,9
133,R,H,9
136,T,M,9
138,G,S,9
142,I,F,9
142,I,N,9
148,C,A,9
158,H,Y,9
169,D,H,9
171,G,S,9
179,V,A,9
183,Y,H,9
188,M,I,9
193,L,T,9
216,G,R,9
217,Q,E,9
244,F,L,9
247,E,Q,9
254,E,Q,9
269,L,*,9
277,G,*,9
14,R,L,8
17,G,S,8
21,Y,H,8
28,D,A,8
30,A,T,8
33,D,E,8
37,S,T,8
43,A,P,8
45,T,I,8
46,D,K,8
47,N,*,8
49,K,N,8
63,L,P,8
68,N,L,8
72,D,Q,8
75,V,A,8
81,E,V,8
83,R,V,8
84,T,D,8
84,T,I,8
86,I,V,8
103,P,A,8
113,E,Q,8
115,R,K,8
119,P,S,8
120,M,V,8
122,A,V,8
123,P,R,8
127,S,F,8
135,H,Q,8
139,P,L,8
145,M,S,8
147,S,F,8
152,E,Q,8
153,S,N,8
170,M,V,8
178,E,K,8
179,V,M,8
191,A,S,8
195,D,H,8
197,D,Y,8
202,E,D,8
203,S,D,8
210,I,V,8
219,V,G,8
226,P,L,8
229,L,R,8
235,V,M,8
237,E,G,8
237,E,K,8
252,I,M,8
256,Y,S,8
262,G,S,8
263,G,R,8
263,G,C,8
263,G,A,8
268,Y,N,8
273,K,*,8
273,K,Q,8
277,G,R,8
277,G,D,8
3,V,R,7
6,T,A,7
14,R,Q,7
15,E,W,7
18,N,A,7
20,T,A,7
27,E,V,7
31,S,I,7
33,D,A,7
34,A,K,7
34,A,G,7
35,A,Y,7
38,K,T,7
39,E,K,7
40,M,K,7
41,S,G,7
50,K,Y,7
51,I,M,7
52,K,G,7
53,G,I,7
54,M,N,7
60,R,F,7
60,R,S,7
61,H,P,7
62,G,K,7
66,L,Q,7
67,M,G,7
69,D,A,7
70,I,V,7
73,A,G,7
75,V,L,7
77,E,S,7
77,E,Q,7
80,I,F,7
82,V,N,7
83,R,E,7
85,P,H,7
85,P,L,7
91,D,N,7
103,P,S,7
107,Q,R,7
112,D,T,7
112,D,E,7
113,E,*,7
114,K,N,7
114,K,Q,7
117,L,G,7
122,A,L,7
133,R,L,7
140,V,G,7
144,E,Q,7
144,E,R,7
145,M,N,7
151,K,R,7
155,S,T,7
156,G,E,7
157,M,I,7
160,E,G,7
162,F,S,7
164,M,I,7
177,T,P,7
182,N,D,7
186,V,L,7
191,A,V,7
195,D,Y,7
198,L,S,7
199,V,G,7
207,K,Q,7
219,V,A,7
220,C,L,7
221,S,C,7
221,S,F,7
222,A,S,7
222,A,L,7
227,H,S,7
235,V,A,7
246,L,P,7
247,E,G,7
248,R,K,7
250,L,P,7
252,I,V,7
253,R,E,7
257,S,H,7
267,S,P,7
272,A,P,7
2,T,Q,6
4,K,E,6
6,T,S,6
11,Q,*,6
13,L,E,6
16,Y,S,6
16,Y,Q,6
18,N,G,6
24,K,R,6
25,V,L,6
30,A,F,6
38,K,*,6
47,N,Y,6
48,E,G,6
48,E,L,6
49,K,L,6
53,G,R,6
57,N,L,6
64,T,L,6
65,Q,R,6
66,L,M,6
67,M,V,6
68,N,S,6
72,D,S,6
74,L,Q,6
74,L,M,6
74,L,H,6
76,A,V,6
81,E,R,6
82,V,M,6
83,R,K,6
84,T,M,6
85,P,T,6
86,I,L,6
86,I,A,6
88,I,F,6
88,I,L,6
89,S,I,6
89,S,P,6
90,K,S,6
97,T,V,6
97,T,A,6
100,E,K,6
104,L,V,6
107,Q,P,6
108,V,G,6
113,E,R,6
114,K,S,6
116,A,T,6
116,A,P,6
118,R,A,6
120,M,S,6
120,M,A,6
123,P,L,6
127,S,P,6
127,S,A,6
128,V,S,6
130,R,P,6
131,D,G,6
134,D,E,6
136,T,G,6
138,G,R,6
142,I,T,6
144,E,G,6
145,M,L,6
147,S,P,6
150,R,A,6
152,E,G,6
154,H,R,6
154,H,D,6
161,E,G,6
164,M,V,6
165,L,P,6
167,L,I,6
177,T,R,6
182,N,T,6
185,S,P,6
188,M,V,6
189,K,E,6
195,D,N,6
197,D,N,6
201,E,G,6
207,K,R,6
208,E,K,6
209,T,S,6
209,T,A,6
221,S,T,6
221,S,A,6
224,V,R,6
224,V,W,6
226,P,H,6
231,A,T,6
237,E,D,6
239,W,*,6
239,W,R,6
241,G,E,6
243,G,D,6
244,F,V,6
244,F,S,6
248,R,G,6
249,L,S,6
250,L,S,6
252,I,T,6
252,I,R,6
253,R,S,6
268,Y,H,6
268,Y,*,6
271,G,A,6
274,I,V,6
1,M,I,5
9,Q,L,5
10,I,D,5
11,Q,P,5
16,Y,H,5
18,N,E,5
19,G,S,5
20,T,F,5
21,Y,G,5
21,Y,L,5
22,E,Q,5
23,Q,H,5
23,Q,P,5
24,K,H,5
26,F,A,5
27,E,A,5
30,A,E,5
33,D,G,5
41,S,E,5
42,V,R,5
43,A,I,5
45,T,P,5
46,D,F,5
46,D,A,5
46,D,H,5
48,E,V,5
49,K,*,5
50,K,S,5
51,I,V,5
52,K,S,5
52,K,E,5
53,G,L,5
54,M,*,5
54,M,L,5
55,I,V,5
55,I,H,5
56,A,S,5
58,P,S,5
59,S,G,5
61,H,A,5
61,H,Y,5
62,G,Y,5
65,Q,S,5
65,Q,E,5
66,L,F,5
66,L,S,5
68,N,H,5
68,N,A,5
71,A,V,5
72,D,*,5
74,L,C,5
76,A,L,5
77,E,G,5
78,G,*,5
81,E,*,5
81,E,G,5
84,T,A,5
86,I,Y,5
89,S,H,5
91,D,S,5
91,D,V,5
92,A,L,5
93,L,S,5
98,I,S,5
100,E,Q,5
101,D,G,5
103,P,L,5
105,F,V,5
108,V,R,5
111,I,S,5
112,D,I,5
112,D,Y,5
112,D,G,5
113,E,D,5
114,K,*,5
117,L,I,5
117,L,V,5
117,L,*,5
118,R,W,5
118,R,S,5
118,R,M,5
119,P,H,5
120,M,L,5
123,P,A,5
123,P,S,5
124,N,A,5
128,V,M,5
131,D,Y,5
134,D,R,5
137,D,Y,5
140,V,L,5
141,K,R,5
142,I,G,5
143,F,H,5
143,F,A,5
143,F,P,5
144,E,A,5
145,M,R,5
146,G,A,5
147,S,R,5
147,S,Y,5
148,C,Y,5
150,R,S,5
151,K,N,5
153,S,R,5
153,S,T,5
155,S,G,5
164,M,T,5
175,D,M,5
175,D,C,5
176,A,P,5
180,L,P,5
184,I,T,5
185,S,E,5
190,A,D,5
192,G,A,5
193,L,W,5
193,L,I,5
202,E,R,5
204,D,G,5
205,V,I,5
208,E,A,5
209,T,I,5
212,V,A,5
214,I,F,5
215,N,I,5
216,G,S,5
222,A,G,5
224,V,L,5
225,G,S,5
227,H,D,5
227,H,T,5
228,Y,C,5
234,D,N,5
237,E,Q,5
239,W,S,5
240,S,R,5
242,A,G,5
242,A,E,5
243,G,R,5
248,R,M,5
249,L,P,5
253,R,I,5
255,K,V,5
255,K,E,5
256,Y,D,5
257,S,R,5
258,T,A,5
262,G,A,5
264,A,R,5
264,A,L,5
265,S,L,5
265,S,F,5
267,S,F,5
272,A,T,5
273,K,E,5
274,I,M,5
277,G,A,5
3,V,T,4
4,K,G,4
5,Y,R,4
6,T,M,4
10,I,V,4
10,I,G,4
11,Q,V,4
11,Q,H,4
12,R,L,4
14,R,P,4
15,E,Q,4
15,E,D,4
17,G,A,4
19,G,A,4
22,E,D,4
22,E,L,4
22,E,V,4
23,Q,E,4
23,Q,V,4
25,V,S,4
26,F,L,4
26,F,P,4
28,D,H,4
36,F,H,4
36,F,L,4
36,F,I,4
38,K,E,4
39,E,N,4
40,M,F,4
41,S,L,4
43,A,V,4
43,A,W,4
44,S,T,4
44,S,F,4
44,S,V,4
45,T,S,4
47,N,H,4
48,E,A,4
48,E,K,4
49,K,E,4
51,I,L,4
53,G,A,4
57,N,V,4
60,R,Y,4
60,R,P,4
61,H,I,4
63,L,S,4
64,T,I,4
64,T,F,4
65,Q,Y,4
67,M,L,4
71,A,S,4
71,A,R,4
72,D,K,4
73,A,L,4
74,L,P,4
74,L,R,4
75,V,G,4
75,V,S,4
77,E,M,4
77,E,P,4
80,I,G,4
80,I,S,4
80,I,V,4
80,I,M,4
81,E,K,4
81,E,Q,4
84,T,H,4
85,P,A,4
85,P,F,4
86,I,T,4
86,I,N,4
88,I,S,4
90,K,N,4
90,K,Q,4
91,D,T,4
91,D,A,4
94,A,G,4
94,A,S,4
95,R,Q,4
95,R,C,4
95,R,S,4
99,T,I,4
100,E,D,4
101,D,A,4
101,D,H,4
102,K,R,4
102,K,Q,4
103,P,H,4
104,L,P,4
104,L,R,4
104,L,C,4
105,F,W,4
106,K,R,4
107,Q,A,4
108,V,A,4
110,W,*,4
110,W,F,4
111,I,A,4
111,I,D,4
115,R,S,4
115,R,Q,4
115,R,M,4
116,A,S,4
118,R,T,4
120,M,K,4
124,N,S,4
128,V,G,4
130,R,L,4
132,L,R,4
132,L,S,4
132,L,T,4
135,H,V,4
136,T,P,4
137,D,L,4
138,G,V,4
138,G,C,4
139,P,H,4
141,K,D,4
142,I,A,4
144,E,D,4
145,M,G,4
146,G,Q,4
146,G,S,4
147,S,T,4
148,C,V,4
148,C,S,4
150,R,*,4
150,R,P,4
153,S,A,4
153,S,G,4
154,H,S,4
156,G,A,4
160,E,Q,4
162,F,V,4
165,L,A,4
166,N,D,4
166,N,Y,4
169,D,S,4
169,D,E,4
170,M,T,4
171,G,V,4
172,P,L,4
173,R,Q,4
174,G,V,4
174,G,K,4
175,D,H,4
175,D,Y,4
176,A,T,4
176,A,S,4
178,E,R,4
179,V,T,4
179,V,I,4
180,L,Q,4
180,L,R,4
181,K,N,4
182,N,S,4
182,N,K,4
183,Y,N,4
183,Y,*,4
183,Y,S,4
183,Y,C,4
184,I,L,4
190,A,G,4
193,L,S,4
194,P,L,4
195,D,S,4
197,D,G,4
200,Q,H,4
201,E,Q,4
202,E,Q,4
204,D,H,4
208,E,V,4
209,T,P,4
209,T,L,4
210,I,T,4
212,V,L,4
212,V,M,4
213,E,D,4
220,C,G,4
220,C,V,4
221,S,P,4
224,V,Q,4
224,V,S,4
225,G,R,4
226,P,R,4
231,A,V,4
232,A,V,4
233,H,Y,4
236,H,Q,4
236,H,R,4
239,W,Q,4
239,W,G,4
240,S,G,4
245,G,S,4
246,L,W,4
249,L,V,4
251,T,V,4
253,R,G,4
255,K,S,4
255,K,N,4
257,S,N,4
258,T,P,4
261,K,G,4
264,A,P,4
265,S,T,4
266,I,H,4
266,I,S,4
267,S,L,4
268,Y,A,4
270,N,M,4
270,N,E,4
270,N,T,4
270,N,K,4
270,N,I,4
271,G,K,4
271,G,W,4
272,A,V,4
272,A,R,4
274,I,F,4
274,I,L,4
275,N,I,4
276,S,N,4
278,*,E,4
278,*,L,4
2,T,P,3
2,T,I,3
3,V,E,3
4,K,Q,3
4,K,V,3
7,D,N,3
7,D,*,3
8,A,P,3
8,A,L,3
8,A,V,3
9,Q,W,3
9,Q,V,3
10,I,M,3
10,I,E,3
10,I,P,3
11,Q,E,3
11,Q,W,3
12,R,S,3
13,L,G,3
13,L,Y,3
14,R,*,3
15,E,A,3
15,E,V,3
15,E,I,3
16,Y,P,3
16,Y,A,3
17,G,R,3
17,G,H,3
18,N,I,3
18,N,S,3
18,N,H,3
19,G,C,3
19,G,V,3
19,G,E,3
19,G,D,3
20,T,V,3
21,Y,Q,3
21,Y,F,3
22,E,F,3
23,Q,K,3
24,K,Q,3
24,K,W,3
26,F,G,3
31,S,N,3
32,R,F,3
32,R,G,3
33,D,S,3
34,A,R,3
34,A,P,3
36,F,V,3
37,S,R,3
39,E,V,3
41,S,H,3
41,S,Q,3
43,A,S,3
44,S,L,3
45,T,R,3
46,D,P,3
46,D,N,3
47,N,E,3
47,N,F,3
47,N,V,3
48,E,R,3
48,E,D,3
49,K,C,3
49,K,V,3
49,K,G,3
50,K,R,3
50,K,*,3
52,K,P,3
53,G,P,3
53,G,S,3
54,M,F,3
54,M,A,3
54,M,E,3
55,I,P,3
57,N,*,3
57,N,A,3
57,N,P,3
58,P,C,3
58,P,Q,3
58,P,F,3
58,P,R,3
58,P,A,3
59,S,F,3
61,H,C,3
62,G,A,3
62,G,R,3
63,L,F,3
64,T,Q,3
65,Q,P,3
67,M,Q,3
68,N,Q,3
69,D,K,3
69,D,G,3
69,D,N,3
69,D,S,3
73,A,T,3
73,A,S,3
76,A,F,3
76,A,T,3
77,E,A,3
78,G,H,3
79,F,I,3
81,E,H,3
84,T,P,3
84,T,G,3
84,T,V,3
85,P,G,3
85,P,I,3
87,F,I,3
87,F,C,3
88,I,D,3
88,I,H,3
88,I,V,3
88,I,R,3
89,S,V,3
89,S,A,3
90,K,T,3
91,D,G,3
91,D,E,3
93,L,R,3
97,T,G,3
97,T,S,3
98,I,L,3
100,E,G,3
101,D,S,3
101,D,E,3
104,L,S,3
106,K,G,3
107,Q,L,3
109,F,I,3
109,F,V,3
111,I,V,3
111,I,T,3
112,D,M,3
114,K,T,3
115,R,T,3
115,R,D,3
115,R,W,3
116,A,Y,3
116,A,R,3
117,L,E,3
117,L,F,3
118,R,C,3
118,R,Q,3
119,P,R,3
119,P,F,3
119,P,L,3
120,M,R,3
122,A,P,3
122,A,R,3
122,A,S,3
123,P,T,3
124,N,R,3
124,N,P,3
124,N,Y,3
124,N,K,3
131,D,S,3
131,D,V,3
131,D,T,3
132,L,M,3
135,H,S,3
136,T,R,3
136,T,Q,3
137,D,N,3
138,G,A,3
140,V,R,3
140,V,*,3
141,K,Q,3
142,I,S,3
144,E,N,3
145,M,V,3
145,M,W,3
146,G,D,3
147,S,C,3
148,C,F,3
148,C,W,3
150,R,E,3
152,E,R,3
153,S,E,3
154,H,G,3
154,H,T,3
154,H,Q,3
156,G,P,3
158,H,P,3
158,H,Q,3
158,H,L,3
159,L,S,3
161,E,A,3
161,E,K,3
161,E,D,3
162,F,I,3
163,T,R,3
164,M,L,3
165,L,S,3
169,D,G,3
170,M,P,3
171,G,Q,3
171,G,A,3
172,P,K,3
173,R,V,3
173,R,T,3
174,G,Q,3
175,D,R,3
175,D,A,3
177,T,S,3
177,T,G,3
178,E,A,3
179,V,K,3
180,L,S,3
181,K,T,3
181,K,A,3
181,K,G,3
182,N,Q,3
182,N,L,3
183,Y,F,3
184,I,F,3
184,I,V,3
185,S,L,3
185,S,R,3
185,S,*,3
186,V,E,3
186,V,A,3
186,V,M,3
187,V,A,3
189,K,N,3
189,K,D,3
190,A,V,3
191,A,I,3
191,A,E,3
191,A,Y,3
192,G,W,3
192,G,*,3
192,G,D,3
193,L,A,3
193,L,M,3
196,Y,L,3
196,Y,Q,3
198,L,V,3
200,Q,V,3
201,E,R,3
201,E,A,3
202,E,*,3
203,S,N,3
204,D,Y,3
205,V,F,3
205,V,M,3
208,E,*,3
209,T,N,3
210,I,M,3
210,I,L,3
214,I,S,3
214,I,T,3
218,E,V,3
218,E,*,3
218,E,R,3
219,V,M,3
220,C,A,3
220,C,Y,3
221,S,V,3
221,S,Y,3
222,A,T,3
222,A,P,3
224,V,G,3
225,G,C,3
226,P,A,3
228,Y,P,3
228,Y,S,3
228,Y,*,3
229,L,W,3
230,D,L,3
230,D,G,3
231,A,P,3
234,D,G,3
234,D,Y,3
237,E,*,3
238,P,T,3
238,P,A,3
240,S,C,3
240,S,A,3
240,S,D,3
241,G,R,3
247,E,K,3
247,E,*,3
248,R,S,3
248,R,A,3
249,L,M,3
249,L,A,3
249,L,R,3
250,L,A,3
250,L,*,3
253,R,*,3
253,R,T,3
254,E,G,3
254,E,*,3
254,E,S,3
256,Y,P,3
256,Y,R,3
256,Y,*,3
257,S,T,3
257,S,G,3
258,T,M,3
260,K,S,3
260,K,G,3
261,K,V,3
262,G,C,3
262,G,N,3
265,S,I,3
268,Y,L,3
272,A,L,3
272,A,D,3
273,K,S,3
273,K,T,3
274,I,T,3
275,N,T,3
275,N,Y,3
276,S,R,3
276,S,T,3
278,*,K,3
278,*,R,3
1,M,S,2
4,K,T,2
4,K,A,2
5,Y,F,2
5,Y,S,2
7,D,T,2
9,Q,G,2
9,Q,E,2
10,I,F,2
10,I,A,2
12,R,*,2
12,R,I,2
12,R,V,2
13,L,A,2
13,L,F,2
14,R,V,2
15,E,R,2
15,E,G,2
16,Y,W,2
19,G,L,2
20,T,D,2
21,Y,C,2
22,E,R,2
22,E,H,2
23,Q,L,2
24,K,*,2
25,V,E,2
25,V,K,2
25,V,R,2
27,E,R,2
27,E,S,2
27,E,W,2
28,D,S,2
28,D,P,2
28,D,E,2
29,L,P,2
29,L,V,2
30,A,S,2
31,S,D,2
31,S,K,2
32,R,P,2
33,D,H,2
34,A,S,2
35,A,T,2
35,A,V,2
35,A,F,2
35,A,S,2
37,S,I,2
37,S,K,2
38,K,Q,2
38,K,R,2
40,M,A,2
40,M,E,2
40,M,S,2
40,M,R,2
40,M,*,2
41,S,A,2
41,S,P,2
41,S,F,2
44,S,A,2
44,S,H,2
45,T,E,2
46,D,G,2
46,D,R,2
47,N,S,2
47,N,R,2
48,E,T,2
49,K,S,2
50,K,T,2
50,K,N,2
50,K,A,2
51,I,S,2
52,K,N,2
52,K,Q,2
52,K,L,2
52,K,M,2
54,M,G,2
54,M,S,2
54,M,T,2
54,M,V,2
54,M,Q,2
55,I,R,2
55,I,M,2
55,I,N,2
55,I,G,2
55,I,T,2
56,A,V,2
56,A,M,2
56,A,F,2
57,N,T,2
57,N,D,2
57,N,G,2
58,P,T,2
59,S,R,2
59,S,A,2
60,R,C,2
61,H,L,2
61,H,F,2
61,H,R,2
61,H,S,2
62,G,L,2
62,G,Q,2
62,G,S,2
62,G,H,2
63,L,N,2
63,L,V,2
63,L,H,2
64,T,S,2
64,T,M,2
64,T,E,2
65,Q,H,2
65,Q,L,2
66,L,T,2
67,M,N,2
67,M,R,2
67,M,S,2
68,N,E,2
68,N,Y,2
70,I,M,2
70,I,G,2
70,I,T,2
72,D,H,2
72,D,Y,2
74,L,Y,2
75,V,K,2
75,V,P,2
75,V,*,2
75,V,R,2
75,V,M,2
75,V,I,2
76,A,H,2
77,E,*,2
78,G,N,2
79,F,H,2
79,F,L,2
79,F,G,2
80,I,A,2
80,I,R,2
81,E,Y,2
82,V,C,2
82,V,L,2
82,V,F,2
82,V,T,2
84,T,L,2
84,T,W,2
85,P,*,2
87,F,G,2
88,I,A,2
88,I,N,2
88,I,K,2
88,I,T,2
89,S,C,2
90,K,D,2
90,K,*,2
90,K,A,2
91,D,R,2
91,D,P,2
92,A,R,2
92,A,S,2
93,L,Q,2
93,L,V,2
94,A,I,2
94,A,L,2
94,A,T,2
95,R,A,2
96,M,G,2
97,T,R,2
98,I,M,2
98,I,T,2
98,I,F,2
99,T,K,2
99,T,G,2
99,T,S,2
99,T,F,2
100,E,T,2
100,E,N,2
100,E,V,2
100,E,I,2
101,D,R,2
101,D,Y,2
102,K,T,2
102,K,P,2
102,K,V,2
102,K,D,2
103,P,F,2
104,L,Q,2
105,F,I,2
105,F,H,2
105,F,R,2
106,K,D,2
106,K,T,2
106,K,Q,2
107,Q,S,2
108,V,L,2
109,F,Y,2
110,W,G,2
110,W,Q,2
110,W,M,2
110,W,D,2
111,I,K,2
111,I,N,2
112,D,K,2
112,D,R,2
114,K,Y,2
114,K,V,2
114,K,D,2
114,K,M,2
114,K,G,2
115,R,L,2
115,R,A,2
116,A,E,2
118,R,D,2
118,R,V,2
119,P,K,2
119,P,G,2
120,M,P,2
120,M,H,2
122,A,I,2
122,A,H,2
123,P,F,2
124,N,H,2
127,S,R,2
128,V,L,2
128,V,I,2
128,V,C,2
130,R,A,2
131,D,I,2
133,R,S,2
134,D,A,2
134,D,T,2
134,D,*,2
134,D,C,2
135,H,G,2
135,H,P,2
136,T,K,2
136,T,L,2
136,T,V,2
136,T,N,2
137,D,E,2
138,G,T,2
138,G,H,2
139,P,A,2
139,P,V,2
139,P,G,2
140,V,E,2
140,V,P,2
141,K,V,2
141,K,L,2
142,I,R,2
144,E,*,2
146,G,V,2
148,C,G,2
148,C,P,2
148,C,L,2
149,F,A,2
149,F,P,2
150,R,T,2
151,K,Q,2
151,K,A,2
152,E,T,2
152,E,A,2
154,H,Y,2
154,H,A,2
155,S,R,2
155,S,H,2
156,G,*,2
156,G,R,2
156,G,V,2
157,M,A,2
158,H,D,2
158,H,A,2
159,L,Q,2
159,L,M,2
160,E,V,2
160,E,R,2
160,E,T,2
161,E,Q,2
161,E,S,2
162,F,Y,2
163,T,G,2
163,T,F,2
163,T,I,2
163,T,P,2
163,T,S,2
164,M,R,2
165,L,M,2
166,N,I,2
166,N,V,2
166,N,S,2
166,N,K,2
167,L,V,2
167,L,A,2
167,L,M,2
169,D,V,2
170,M,H,2
170,M,L,2
170,M,K,2
172,P,*,2
172,P,H,2
173,R,I,2
173,R,S,2
174,G,A,2
174,G,S,2
174,G,M,2
174,G,C,2
174,G,D,2
175,D,P,2
175,D,V,2
175,D,T,2
175,D,E,2
175,D,*,2
176,A,H,2
176,A,M,2
177,T,K,2
177,T,E,2
177,T,V,2
178,E,S,2
178,E,N,2
178,E,V,2
178,E,Q,2
179,V,L,2
180,L,K,2
181,K,L,2
181,K,V,2
181,K,*,2
182,N,R,2
183,Y,Q,2
185,S,A,2
185,S,Q,2
185,S,F,2
187,V,I,2
187,V,L,2
188,M,E,2
189,K,*,2
189,K,M,2
189,K,R,2
189,K,S,2
190,A,S,2
190,A,T,2
190,A,P,2
191,A,*,2
191,A,C,2
191,A,T,2
192,G,K,2
192,G,V,2
192,G,H,2
193,L,Y,2
194,P,*,2
194,P,F,2
194,P,T,2
195,D,M,2
195,D,R,2
195,D,G,2
195,D,V,2
195,D,E,2
196,Y,N,2
196,Y,G,2
196,Y,I,2
196,Y,H,2
196,Y,*,2
199,V,A,2
199,V,M,2
200,Q,F,2
200,Q,E,2
200,Q,*,2
200,Q,L,2
201,E,V,2
202,E,T,2
202,E,G,2
202,E,V,2
203,S,A,2
203,S,C,2
204,D,E,2
204,D,A,2
205,V,C,2
205,V,L,2
207,K,A,2
207,K,N,2
208,E,F,2
208,E,S,2
208,E,Q,2
209,T,G,2
210,I,R,2
210,I,A,2
210,I,D,2
211,D,E,2
211,D,Y,2
211,D,A,2
211,D,S,2
211,D,V,2
212,V,C,2
213,E,K,2
213,E,Q,2
213,E,V,2
213,E,A,2
215,N,S,2
215,N,H,2
215,N,Y,2
216,G,Q,2
216,G,E,2
216,G,D,2
216,G,K,2
217,Q,V,2
217,Q,H,2
218,E,K,2
218,E,D,2
218,E,A,2
219,V,L,2
219,V,D,2
219,V,P,2
220,C,*,2
220,C,S,2
220,C,F,2
221,S,G,2
224,V,I,2
224,V,F,2
224,V,*,2
224,V,C,2
224,V,M,2
225,G,L,2
226,P,N,2
226,P,F,2
226,P,G,2
226,P,D,2
227,H,Q,2
227,H,Y,2
227,H,A,2
228,Y,A,2
228,Y,N,2
229,L,V,2
230,D,E,2
230,D,N,2
230,D,A,2
231,A,F,2
231,A,L,2
232,A,S,2
234,D,E,2
235,V,L,2
235,V,Q,2
235,V,I,2
236,H,D,2
236,H,Y,2
237,E,V,2
237,E,P,2
237,E,T,2
238,P,L,2
241,G,*,2
241,G,K,2
241,G,S,2
242,A,P,2
243,G,C,2
243,G,A,2
243,G,V,2
244,F,I,2
245,G,T,2
245,G,D,2
245,G,L,2
245,G,A,2
245,G,H,2
246,L,*,2
247,E,D,2
247,E,A,2
248,R,E,2
248,R,F,2
248,R,L,2
248,R,P,2
249,L,C,2
250,L,H,2
250,L,T,2
250,L,F,2
251,T,P,2
251,T,N,2
252,I,P,2
252,I,A,2
253,R,Q,2
253,R,A,2
254,E,A,2
254,E,L,2
254,E,N,2
255,K,Q,2
255,K,T,2
255,K,L,2
256,Y,Q,2
256,Y,C,2
257,S,Y,2
258,T,S,2
258,T,C,2
258,T,I,2
259,V,L,2
259,V,M,2
260,K,A,2
260,K,M,2
261,K,I,2
261,K,S,2
261,K,N,2
262,G,D,2
262,G,K,2
263,G,T,2
264,A,F,2
264,A,G,2
266,I,M,2
266,I,A,2
267,S,T,2
268,Y,V,2
268,Y,T,2
268,Y,P,2
269,L,P,2
270,N,G,2
270,N,*,2
270,N,H,2
271,G,Q,2
272,A,I,2
272,A,S,2
273,K,D,2
274,I,S,2
274,I,A,2
275,N,K,2
275,N,R,2
276,S,D,2
276,S,E,2
276,S,K,2
277,G,N,2
277,G,V,2
278,*,Q,2
278,*,G,2
278,*,C,2
1,M,P,1
1,M,K,1
1,M,L,1
1,M,V,1
2,T,R,1
2,T,L,1
2,T,V,1
2,T,E,1
3,V,D,1
3,V,G,1
3,V,L,1
4,K,M,1
5,Y,D,1
6,T,L,1
6,T,G,1
6,T,N,1
6,T,*,1
6,T,I,1
7,D,I,1
7,D,P,1
7,D,G,1
7,D,V,1
7,D,E,1
8,A,S,1
8,A,G,1
8,A,D,1
8,A,E,1
8,A,M,1
8,A,K,1
9,Q,S,1
9,Q,A,1
9,Q,I,1
9,Q,*,1
9,Q,R,1
10,I,N,1
10,I,H,1
11,Q,C,1
11,Q,L,1
11,Q,N,1
12,R,Q,1
12,R,F,1
12,R,C,1
12,R,G,1
12,R,A,1
12,R,M,1
13,L,T,1
13,L,P,1
13,L,M,1
13,L,R,1
13,L,*,1
13,L,Q,1
14,R,S,1
14,R,K,1
14,R,T,1
14,R,C,1
15,E,T,1
15,E,L,1
15,E,P,1
16,Y,K,1
16,Y,G,1
16,Y,*,1
16,Y,F,1
17,G,N,1
17,G,P,1
18,N,D,1
18,N,P,1
18,N,T,1
18,N,F,1
18,N,W,1
18,N,V,1
19,G,H,1
19,G,N,1
19,G,M,1
19,G,*,1
20,T,I,1
20,T,R,1
20,T,M,1
20,T,N,1
21,Y,*,1
21,Y,R,1
22,E,S,1
23,Q,S,1
23,Q,I,1
23,Q,W,1
24,K,L,1
24,K,A,1
24,K,T,1
24,K,E,1
25,V,I,1
25,V,T,1
25,V,F,1
25,V,M,1
25,V,G,1
25,V,P,1
26,F,Q,1
26,F,H,1
26,F,*,1
26,F,Y,1
26,F,K,1
26,F,V,1
27,E,H,1
27,E,P,1
27,E,*,1
27,E,T,1
27,E,Y,1
27,E,Q,1
27,E,L,1
28,D,L,1
28,D,C,1
28,D,G,1
28,D,K,1
28,D,T,1
28,D,F,1
28,D,I,1
29,L,Q,1
29,L,E,1
29,L,R,1
29,L,A,1
29,L,S,1
29,L,T,1
29,L,C,1
30,A,L,1
30,A,G,1
30,A,K,1
30,A,I,1
30,A,V,1
30,A,D,1
31,S,A,1
31,S,R,1
31,S,*,1
31,S,Y,1
31,S,E,1
31,S,L,1
32,R,V,1
32,R,*,1
32,R,M,1
32,R,T,1
33,D,C,1
33,D,I,1
34,A,L,1
34,A,T,1
34,A,I,1
34,A,V,1
35,A,I,1
35,A,R,1
35,A,P,1
36,F,*,1
37,S,Y,1
37,S,M,1
38,K,L,1
38,K,A,1
38,K,Y,1
38,K,S,1
39,E,A,1
39,E,P,1
39,E,Y,1
39,E,F,1
39,E,M,1
39,E,I,1
39,E,C,1
40,M,G,1
41,S,N,1
41,S,T,1
42,V,K,1
42,V,T,1
42,V,P,1
42,V,S,1
43,A,L,1
43,A,Q,1
44,S,N,1
44,S,K,1
45,T,M,1
45,T,Q,1
45,T,H,1
46,D,Y,1
46,D,T,1
46,D,V,1
46,D,I,1
46,D,Q,1
47,N,G,1
47,N,C,1
47,N,K,1
47,N,D,1
48,E,*,1
48,E,S,1
48,E,P,1
48,E,W,1
49,K,T,1
49,K,Y,1
49,K,Q,1
49,K,R,1
49,K,W,1
50,K,W,1
50,K,P,1
50,K,Q,1
50,K,D,1
50,K,L,1
51,I,G,1
51,I,D,1
51,I,T,1
52,K,R,1
52,K,F,1
53,G,K,1
53,G,C,1
53,G,H,1
53,G,E,1
54,M,R,1
54,M,K,1
54,M,P,1
55,I,F,1
56,A,R,1
56,A,L,1
56,A,I,1
57,N,Y,1
57,N,C,1
57,N,E,1
57,N,F,1
58,P,M,1
59,S,L,1
59,S,Y,1
59,S,T,1
59,S,V,1
59,S,I,1
60,R,Q,1
60,R,T,1
60,R,A,1
60,R,*,1
60,R,G,1
60,R,D,1
61,H,G,1
62,G,W,1
62,G,D,1
62,G,C,1
62,G,E,1
63,L,M,1
65,Q,*,1
65,Q,N,1
65,Q,M,1
66,L,A,1
66,L,V,1
66,L,N,1
66,L,Y,1
66,L,G,1
66,L,R,1
66,L,W,1
67,M,T,1
67,M,K,1
68,N,G,1
68,N,F,1
68,N,V,1
68,N,I,1
69,D,Q,1
69,D,*,1
69,D,E,1
69,D,L,1
69,D,R,1
69,D,C,1
69,D,M,1
70,I,R,1
70,I,S,1
71,A,C,1
71,A,M,1
71,A,L,1
71,A,*,1
71,A,D,1
72,D,M,1
72,D,V,1
72,D,N,1
72,D,A,1
72,D,F,1
73,A,P,1
73,A,D,1
73,A,F,1
74,L,*,1
74,L,V,1
74,L,D,1
75,V,Q,1
76,A,M,1
76,A,I,1
77,E,V,1
78,G,C,1
78,G,M,1
80,I,T,1
80,I,Q,1
80,I,*,1
81,E,S,1
82,V,I,1
82,V,A,1
82,V,*,1
82,V,S,1
83,R,L,1
83,R,G,1
83,R,H,1
83,R,P,1
83,R,T,1
83,R,N,1
84,T,K,1
84,T,S,1
85,P,R,1
86,I,D,1
86,I,P,1
87,F,D,1
87,F,Y,1
87,F,T,1
87,F,Q,1
87,F,V,1
87,F,P,1
89,S,M,1
89,S,D,1
89,S,Q,1
89,S,W,1
89,S,K,1
89,S,R,1
90,K,P,1
90,K,G,1
90,K,I,1
90,K,M,1
90,K,L,1
91,D,I,1
91,D,W,1
91,D,H,1
91,D,F,1
92,A,P,1
92,A,E,1
93,L,H,1
93,L,A,1
93,L,C,1
93,L,G,1
94,A,R,1
94,A,F,1
94,A,E,1
94,A,P,1
95,R,N,1
95,R,*,1
95,R,D,1
95,R,Y,1
95,R,T,1
95,R,F,1
96,M,F,1
96,M,L,1
96,M,E,1
96,M,A,1
96,M,S,1
97,T,*,1
97,T,Y,1
97,T,L,1
97,T,E,1
97,T,P,1
97,T,F,1
97,T,N,1
97,T,I,1
98,I,N,1
98,I,C,1
98,I,A,1
98,I,D,1
98,I,R,1
99,T,*,1
99,T,C,1
99,T,E,1
99,T,R,1
99,T,L,1
99,T,Y,1
100,E,P,1
100,E,*,1
100,E,L,1
100,E,S,1
101,D,C,1
101,D,N,1
101,D,T,1
101,D,L,1
102,K,G,1
102,K,A,1
102,K,M,1
102,K,S,1
102,K,*,1
103,P,G,1
103,P,I,1
103,P,R,1
104,L,M,1
104,L,G,1
104,L,A,1
104,L,I,1
105,F,*,1
105,F,Y,1
106,K,I,1
106,K,P,1
107,Q,H,1
107,Q,K,1
107,Q,T,1
107,Q,Y,1
107,Q,F,1
107,Q,V,1
108,V,W,1
108,V,F,1
108,V,C,1
108,V,P,1
108,V,I,1
108,V,S,1
108,V,M,1
109,F,P,1
109,F,H,1
109,F,W,1
109,F,C,1
109,F,*,1
110,W,C,1
110,W,L,1
111,I,L,1
111,I,F,1
111,I,E,1
112,D,S,1
112,D,*,1
112,D,V,1
113,E,V,1
113,E,H,1
113,E,I,1
113,E,T,1
113,E,P,1
113,E,S,1
113,E,A,1
113,E,M,1
113,E,C,1
114,K,L,1
114,K,F,1
114,K,I,1
115,R,Y,1
115,R,N,1
115,R,*,1
116,A,D,1
116,A,C,1
116,A,N,1
116,A,K,1
116,A,F,1
117,L,W,1
117,L,Q,1
118,R,L,1
118,R,P,1
119,P,V,1
119,P,E,1
119,P,Q,1
119,P,I,1
120,M,F,1
120,M,D,1
120,M,G,1
122,A,Y,1
122,A,M,1
122,A,K,1
122,A,Q,1
122,A,C,1
123,P,H,1
123,P,Q,1
123,P,I,1
123,P,V,1
124,N,W,1
124,N,E,1
124,N,G,1
124,N,*,1
127,S,H,1
127,S,Y,1
127,S,C,1
128,V,E,1
128,V,W,1
128,V,H,1
128,V,P,1
130,R,S,1
130,R,*,1
130,R,V,1
130,R,G,1
130,R,E,1
131,D,E,1
131,D,*,1
131,D,A,1
131,D,H,1
131,D,C,1
132,L,V,1
133,R,*,1
133,R,T,1
133,R,E,1
133,R,P,1
133,R,Q,1
133,R,W,1
133,R,G,1
133,R,D,1
134,D,S,1
134,D,V,1
134,D,L,1
134,D,Q,1
134,D,G,1
134,D,P,1
135,H,A,1
135,H,W,1
135,H,N,1
135,H,C,1
136,T,W,1
136,T,E,1
137,D,P,1
137,D,*,1
137,D,W,1
137,D,A,1
137,D,F,1
138,G,W,1
138,G,M,1
138,G,Y,1
138,G,L,1
139,P,C,1
139,P,N,1
139,P,R,1
139,P,Q,1
139,P,T,1
140,V,M,1
140,V,C,1
140,V,F,1
141,K,*,1
141,K,H,1
141,K,I,1
141,K,S,1
141,K,G,1
141,K,A,1
142,I,M,1
142,I,K,1
142,I,P,1
143,F,Y,1
143,F,V,1
143,F,C,1
143,F,R,1
144,E,S,1
145,M,K,1
145,M,D,1
145,M,P,1
145,M,C,1
145,M,*,1
146,G,L,1
146,G,T,1
146,G,H,1
146,G,R,1
146,G,K,1
147,S,Q,1
147,S,I,1
147,S,H,1
147,S,A,1
147,S,D,1
149,F,C,1
149,F,D,1
150,R,M,1
150,R,W,1
151,K,G,1
151,K,T,1
152,E,S,1
152,E,P,1
152,E,V,1
152,E,N,1
152,E,H,1
153,S,V,1
154,H,C,1
154,H,P,1
155,S,M,1
155,S,A,1
155,S,K,1
155,S,P,1
155,S,F,1
155,S,L,1
155,S,D,1
156,G,W,1
156,G,K,1
156,G,S,1
156,G,H,1
157,M,N,1
157,M,L,1
157,M,V,1
157,M,T,1
157,M,S,1
157,M,R,1
158,H,S,1
158,H,W,1
158,H,T,1
158,H,F,1
159,L,P,1
159,L,W,1
159,L,F,1
159,L,E,1
159,L,R,1
160,E,*,1
161,E,M,1
161,E,V,1
161,E,R,1
161,E,N,1
161,E,L,1
162,F,H,1
162,F,N,1
162,F,P,1
162,F,C,1
162,F,*,1
162,F,R,1
163,T,Y,1
163,T,H,1
164,M,D,1
164,M,S,1
164,M,E,1
165,L,H,1
165,L,K,1
165,L,I,1
165,L,E,1
166,N,G,1
166,N,H,1
166,N,Q,1
166,N,M,1
166,N,E,1
166,N,F,1
167,L,R,1
167,L,F,1
167,L,S,1
169,D,R,1
169,D,F,1
169,D,Q,1
169,D,T,1
169,D,*,1
169,D,Y,1
170,M,S,1
170,M,N,1
170,M,C,1
171,G,D,1
172,P,T,1
172,P,V,1
172,P,F,1
173,R,A,1
173,R,*,1
174,G,T,1
174,G,P,1
175,D,G,1
175,D,S,1
176,A,C,1
176,A,G,1
176,A,K,1
176,A,*,1
177,T,H,1
177,T,L,1
178,E,*,1
178,E,T,1
179,V,R,1
179,V,S,1
179,V,N,1
179,V,Q,1
179,V,P,1
180,L,M,1
180,L,V,1
180,L,I,1
180,L,E,1
180,L,H,1
180,L,*,1
181,K,R,1
181,K,F,1
182,N,Y,1
182,N,H,1
182,N,C,1
182,N,V,1
182,N,P,1
182,N,I,1
182,N,G,1
182,N,E,1
183,Y,L,1
183,Y,W,1
183,Y,T,1
183,Y,K,1
184,I,G,1
184,I,S,1
184,I,A,1
185,S,V,1
185,S,H,1
185,S,G,1
185,S,W,1
186,V,G,1
186,V,S,1
187,V,D,1
187,V,S,1
187,V,E,1
188,M,D,1
188,M,F,1
188,M,T,1
189,K,A,1
189,K,H,1
190,A,F,1
190,A,R,1
190,A,L,1
191,A,P,1
191,A,L,1
192,G,N,1
192,G,S,1
193,L,P,1
193,L,V,1
193,L,E,1
194,P,E,1
194,P,Y,1
194,P,R,1
195,D,T,1
195,D,P,1
195,D,L,1
195,D,C,1
196,Y,A,1
196,Y,R,1
196,Y,S,1
196,Y,C,1
197,D,*,1
197,D,S,1
197,D,R,1
197,D,E,1
197,D,Q,1
197,D,P,1
197,D,V,1
198,L,E,1
198,L,*,1
198,L,T,1
198,L,W,1
199,V,L,1
199,V,E,1
199,V,S,1
199,V,I,1
199,V,W,1
200,Q,C,1
200,Q,I,1
200,Q,Y,1
201,E,P,1
201,E,T,1
202,E,A,1
202,E,S,1
202,E,L,1
202,E,N,1
203,S,M,1
203,S,V,1
203,S,K,1
203,S,R,1
204,D,I,1
204,D,T,1
204,D,S,1
204,D,Q,1
205,V,D,1
205,V,G,1
205,V,T,1
205,V,Y,1
207,K,T,1
207,K,D,1
208,E,T,1
208,E,L,1
208,E,M,1
209,T,R,1
209,T,K,1
209,T,F,1
209,T,M,1
210,I,P,1
210,I,G,1
210,I,N,1
210,I,E,1
210,I,Y,1
210,I,S,1
210,I,F,1
211,D,L,1
211,D,G,1
211,D,R,1
212,V,W,1
212,V,S,1
212,V,E,1
212,V,T,1
212,V,G,1
212,V,F,1
213,E,M,1
213,E,W,1
213,E,*,1
213,E,N,1
214,I,L,1
214,I,D,1
214,I,V,1
214,I,R,1
214,I,N,1
215,N,M,1
215,N,R,1
215,N,F,1
216,G,A,1
216,G,V,1
216,G,C,1
216,G,P,1
216,G,T,1
216,G,H,1
217,Q,A,1
217,Q,M,1
217,Q,L,1
217,Q,D,1
217,Q,G,1
218,E,Q,1
218,E,P,1
218,E,M,1
219,V,R,1
220,C,H,1
220,C,T,1
220,C,I,1
221,S,I,1
222,A,*,1
222,A,F,1
222,A,D,1
222,A,C,1
222,A,Y,1
224,V,E,1
224,V,N,1
225,G,P,1
226,P,Q,1
226,P,Y,1
227,H,N,1
227,H,L,1
227,H,I,1
227,H,G,1
228,Y,G,1
229,L,A,1
229,L,G,1
230,D,R,1
230,D,T,1
230,D,Y,1
230,D,V,1
231,A,D,1
231,A,H,1
231,A,Y,1
232,A,H,1
232,A,P,1
232,A,R,1
232,A,G,1
233,H,R,1
233,H,Q,1
233,H,G,1
234,D,R,1
234,D,K,1
235,V,G,1
235,V,W,1
235,V,D,1
236,H,A,1
236,H,S,1
237,E,L,1
238,P,R,1
238,P,G,1
238,P,S,1
238,P,H,1
239,W,L,1
239,W,Y,1
239,W,C,1
240,S,M,1
240,S,K,1
240,S,T,1
240,S,N,1
241,G,W,1
241,G,T,1
241,G,I,1
241,G,A,1
241,G,V,1
241,G,P,1
242,A,Q,1
242,A,S,1
242,A,R,1
242,A,M,1
242,A,L,1
243,G,H,1
243,G,N,1
243,G,S,1
243,G,L,1
244,F,W,1
244,F,P,1
244,F,D,1
244,F,C,1
245,G,E,1
245,G,W,1
245,G,V,1
246,L,E,1
246,L,G,1
246,L,A,1
246,L,M,1
247,E,R,1
247,E,W,1
247,E,N,1
248,R,V,1
248,R,T,1
248,R,I,1
249,L,G,1
249,L,H,1
250,L,Q,1
250,L,W,1
250,L,M,1
250,L,V,1
250,L,Y,1
250,L,E,1
251,T,R,1
251,T,M,1
251,T,K,1
251,T,S,1
251,T,D,1
252,I,E,1
252,I,*,1
252,I,L,1
252,I,K,1
252,I,N,1
253,R,P,1
254,E,I,1
254,E,D,1
254,E,F,1
255,K,D,1
255,K,I,1
256,Y,T,1
256,Y,F,1
256,Y,K,1
256,Y,A,1
257,S,E,1
257,S,C,1
257,S,V,1
258,T,V,1
258,T,G,1
258,T,F,1
258,T,L,1
259,V,W,1
259,V,K,1
259,V,T,1
259,V,I,1
260,K,P,1
260,K,V,1
261,K,L,1
261,K,Q,1
262,G,I,1
262,G,R,1
262,G,V,1
262,G,E,1
263,G,K,1
263,G,L,1
263,G,E,1
263,G,N,1
264,A,C,1
264,A,E,1
264,A,I,1
265,S,*,1
265,S,V,1
265,S,Y,1
266,I,F,1
266,I,E,1
266,I,L,1
266,I,Y,1
267,S,Y,1
267,S,V,1
267,S,A,1
268,Y,I,1
268,Y,C,1
268,Y,R,1
268,Y,G,1
269,L,K,1
269,L,E,1
269,L,T,1
269,L,W,1
269,L,C,1
270,N,S,1
270,N,Q,1
270,N,C,1
270,N,Y,1
271,G,S,1
271,G,D,1
271,G,T,1
271,G,M,1
271,G,I,1
271,G,P,1
271,G,V,1
272,A,N,1
272,A,W,1
272,A,F,1
272,A,H,1
272,A,*,1
272,A,M,1
273,K,V,1
273,K,Y,1
273,K,C,1
274,I,K,1
274,I,D,1
274,I,P,1
274,I,N,1
274,I,E,1
274,I,Y,1
274,I,*,1
275,N,H,1
275,N,G,1
275,N,E,1
275,N,Q,1
276,S,H,1
276,S,V,1
276,S,A,1
277,G,T,1
277,G,C,1
277,G,E,1
278,*,Y,1
278,*,P,1
278,*,F,1
